query,actual
Marl ena Dubose,Marlena Dubose
Ya dira Penick,Yadira Penick
Edie Higha m,Edie Higham
Karleen Car mean,Karleen Carmean
Roland A ntonelli,Roland Antonelli
Blake B eal,Blake Beal
Kymb erly Moskowitz,Kymberly Moskowitz
Ba rb Petillo,Barb Petillo
Si na Arcand,Sina Arcand
Ne al Muncy,Neal Muncy,
Aria nna Heffernan,Arianna Heffernan,
Annmarie Bre shears,Annmarie Breshears,
Emerita Ri naldo,Emerita Rinaldo,
Darby H ersom,Darby Hersom,
Domonique Ganna way,Domonique Gannaway,
Alma K earl,Alma Kearl,
Julieann Bloch,Julieann Bloch,
Jackqu eline Ellett,Jackqueline Ellett,
Jacqulyn Tin kler,Jacqulyn Tinkler,
Windy Bonn ell,Windy Bonnell,
Ag nus Sunde,Agnus Sunde,
Will Knobe l,Will Knobel,
Tish Vonr uden,Tish Vonruden,
Oma We stcott,Oma Westcott,
Alaine Be zanson,Alaine Bezanson,
Elvie Delt oro,Elvie Deltoro,
Chance Fl ora,Chance Flora,
Robby Ge ers,Robby Geers,
Babara Al meida,Babara Almeida,
Tes ha Redner,Tesha Redner,
Joe S hiffer,Joe Shiffer,
Irene Dou thitt,Irene Douthitt,
Vickie Se guin,Vickie Seguin,
Bella Conso lini,Bella Consolini,
Nobuko Prin dle,Nobuko Prindle,
Gregorio La bar,Gregorio Labar,
Chanda Ch ong,Chanda Chong,
Katharina Y barbo,Katharina Ybarbo,
Mi a Shouse,Mia Shouse,
Mayme Vann atter,Mayme Vannatter,
Eilene Cari llo,Eilene Carillo,
Laurette Es lick,Laurette Eslick,
Willis Hart zog,Willis Hartzog,
Valrie Fu kuda,Valrie Fukuda,
Serena Hom an,Serena Homan,
Alysa F lack,Alysa Flack,
Oswaldo Schu rr,Oswaldo Schurr,
Alta B urtt,Alta Burtt,
Altha Fens ter,Altha Fenster,
Penniy Sackett,Penney Sackett,
Keila Stochard,Keila Stockard,
Wendy Levareo,Wendy Levario,
Tigan Tunney,Tegan Tunney,
Leonora Pew,Leonora Pew,
Sammie Oliphent,Sammie Oliphant,
Kassie Whittimore,Kassie Whittemore,
Caitlyn Lasseter,Caitlyn Lassiter,
Malvina Piters,Malvina Peters,
Elenora Peasliy,Elenora Peasley,
Rosy Woulum,Rosy Woolum,
Merlin Sandefer,Merlin Sandifer,
Dawne Ventari,Dawne Venturi,
Anabel Ecklas,Anabel Eckles,
Sari Kerchner,Sari Kirchner,
Timmi Dutil,Tammi Dutil,
Aleisha Angevane,Aleisha Angevine,
Gartrud Asher,Gertrud Asher,
Cudi Geiger,Codi Geiger,
Elvera Galding,Elvera Golding,
Arielle Mashrush,Arielle Mushrush,
Barneice Crabtree,Berneice Crabtree,
Brianne Banfer,Brianne Benfer,
Cheris Bennet,Charis Bennet,
Tunisha Andrews,Tonisha Andrews,
Lala Bengs,Lala Bangs,
Mandie Gerdenhire,Mandie Gardenhire,
Frada Hansell,Freda Hansell,
Isaac Chi,Isaac Cha,
Tawny Pettiway,Tawna Pettiway,
Gina Blunt,Gena Blunt,
Hallie Hieb,Hollie Hieb,
April Ericksen,Apryl Ericksen,
Amanda Duke,Amanda Doke,
Gabrielly Serrato,Gabrielle Serrato,
Geargiann Croston,Georgiann Croston,
Yir Barnhouse,Yer Barnhouse,
Adeline Doacet,Adeline Doucet,
Sheba Riggs,Sheba Raggs,
Alvina Mcbeeth,Alvina Mcbeath,
Paras Ditto,Paris Ditto,
Drisilla Hagopian,Drusilla Hagopian,
Maricela Wiyt,Maricela Wayt,
Sanford Jermin,Sanford Jerman,
Jonell Pfannanstiel,Jonell Pfannenstiel,
Herbart Zdenek,Herbert Zdenek,
Ashanti Mainke,Ashanti Meinke,
Jerald Mcpuek,Jerald Mcpeek,
Sierra Elbino,Sierra Albino,
Valerie Worsley,Valarie Worsley,
Sharta Ater,Sharda Ater,
Walton Hrtel,Walton Hertel,
Leonore Blavelt,Leonore Blauvelt,
Tess Clby,Tess Colby,
Arcelia Arna,Arcelia Arena,
Keshia Belager,Keshia Belanger,
Ivy Plasted,Ivy Plaisted,
Richie Tinley,Richie Tingley,
Kia Danfrth,Kia Danforth,
Nichol Huer,Nichol Hauer,
Doren Gentner,Doreen Gentner,
Tamy Linzy,Tammy Linzy,
Idalia Foryce,Idalia Fordyce,
Elsie Emons,Elsie Emmons,
Eli Huford,Eli Hufford,
Jeanelle Beee,Jeanelle Beebe,
Erminia Stemle,Erminia Steimle,
Myrta Yo,Myrta Yao,
Clarie Labbe,Clarice Labbe,
Lynntte Hackman,Lynnette Hackman,
Kyle Crle,Kyle Corle,
Oralee Degnr,Oralee Degner,
Fidela ah,Fidela Mah,
Anastasia Wakup,Anastasia Walkup,
Chaidy Alverson,Chasidy Alverson,
Fatma Donner,Fatima Donner,
Margartta Liberty,Margaretta Liberty,
Vera Braford,Vera Brafford,
Salena Dewiler,Salena Detwiler,
Artie Pitcok,Artie Pitcock,
Mindy Twellmn,Mindy Twellman,
Tomye Spikes,Tommye Spikes,
Andrea Middleon,Andrea Middleton,
Caroline Osan,Caroline Osman,
Maximina Bickord,Maximina Bickford,
Steffnie Bergerson,Steffanie Bergerson,
Shota Scheuerman,Shonta Scheuerman,
Lesha Eichelerger,Lesha Eichelberger,
Viki Ge,Viki Gee,
Arine Wyant,Ariane Wyant,
Leonor Botorff,Leonor Bottorff,
Stephnie Seiold,Stephnie Seibold,
Claretha Hbbs,Claretha Hobbs,
Agstin Acedo,Agustin Acedo,
Tiara From,Tiara Fromm,
Alisha Lener,Alisha Lerner,
Veroique Kammer,Veronique Kammer,
Dorthea Balderas,Dorethea Balderas,
Roxie Dicert,Roxie Dickert,
Jeanetta Thisle,Jeanetta Thistle,
Jesia Putt,Jessia Putt,
Julia Haarnage,Julia Harnage,
Dayle Spaytes,Dayle Spates,
Louveenia Mungin,Louvenia Mungin,
Clauadio Gover,Claudio Gover,
Jamika Brauden,Jamika Braden,
Simma Minnick,Sima Minnick,
Juliy Mccoin,Juli Mccoin,
Denandra Jelley,Deandra Jelley,
Marchkelle Locke,Marchelle Locke,
Kristdian Wittner,Kristian Wittner,
Janell Rryder,Janell Ryder,
Kecia Glyamph,Kecia Glymph,
Mathew Moridarty,Mathew Moriarty,
Masako Mosnzon,Masako Monzon,
Socorro Skfates,Socorro Skates,
Karima Cayrman,Karima Carman,
Meredith Majckie,Meredith Mackie,
Euulah Ladue,Eulah Ladue,
Minniey Sanabria,Minnie Sanabria,
Tiera Capshaaw,Tiera Capshaw,
Genny Jesuas,Genny Jesus,
Gwenn Whorleey,Gwenn Whorley,
Deboraah Hillyer,Deborah Hillyer,
Arlena Finukel,Arlena Finkel,
Antonina Romlanowski,Antonina Romanowski,
Nereida Desmos,Nereida Demos,
Beckie Keoawn,Beckie Keown,
Antwaan Kropp,Antwan Kropp,
Yaael Dacus,Yael Dacus,
Ludyie Lemley,Ludie Lemley,
Alysa Mitrten,Alysa Mitten,
Lazaro Ramlerez,Lazaro Ramerez,
Shyla Coanlan,Shyla Conlan,
Leandro Clayude,Leandro Claude,
Sanora Kyite,Sanora Kite,
Ruth Forkness,Ruth Forness,
Hilton Kimaura,Hilton Kimura,
Audrie Wishfart,Audrie Wishart,
Shad Prestiedge,Shad Prestidge,
Jimmy Cheww,Jimmy Chew,
Anthony Wesmple,Anthony Wemple,
Georgene Swlard,Georgene Sward,
Rebbeca Hefnnemann,Rebbeca Hennemann,
Clayton Pearchey,Clayton Peachey,
Candra Balro,Candra Baro,
Tereasa Whittcenburg,Tereasa Whittenburg,
Tamica Barney,Tamica Baney,
Milissa Damrodn,Milissa Damron,
Tamesha Mccoslley,Tamesha Mccolley,
Carin Schdneider,Carin Schneider,
Neol Golden,Noel Golden,
Josfeina Coppin,Josefina Coppin,
Gearldo Arwood,Geraldo Arwood,
Kory Bluler,Kory Buller,
Jdaa Shibley,Jada Shibley,
Amos Bagegtt,Amos Baggett,
Quiana Schoreter,Quiana Schroeter,
Eleanora Schulneberg,Eleanora Schulenberg,
Annabelle Brokoing,Annabelle Brooking,
Dariwn Wells,Darwin Wells,
Teqiula Dimick,Tequila Dimick,
Roamna Ricketts,Romana Ricketts,
Juen Rambert,June Rambert,
Etheelne Bogardus,Ethelene Bogardus,
Taitana Juneau,Tatiana Juneau,
Beuna Laguardia,Buena Laguardia,
Rsosie Sanches,Rossie Sanches,
Juanita Draling,Juanita Darling,
Dorthy Gnag,Dorthy Gang,
Corrina Nrodeen,Corrina Nordeen,
Leopoldo Wlako,Leopoldo Walko,
Berna Smason,Berna Samson,
Olimpia Strilping,Olimpia Stripling,
Barertt Hiltz,Barrett Hiltz,
Cindi Peidra,Cindi Piedra,
Krsitina Gerardi,Kristina Gerardi,
Lorirane Spiess,Lorriane Spiess,
Mialn Jara,Milan Jara,
Barbera Micnh,Barbera Minch,
Rosette Tavrenia,Rosette Tavernia,
Karma Silebrman,Karma Silberman,
Ivory Corodba,Ivory Cordoba,
Inze Schaper,Inez Schaper,
Lacie Gvoe,Lacie Gove,
Yoko Mlein,Yoko Melin,
Derrick Donenlly,Derrick Donnelly,
Martina Poladn,Martina Poland,
Keila Jaruegui,Keila Jauregui,
Brock Ratmhun,Brock Ramthun,
Ulrike Greist,Ulrike Griest,
Jenice Gelnn,Jenice Glenn,
Shelba Jaen,Shelba Jean,
Kaley Higignson,Kaley Higginson,
Demetrius Oliviera,Demetrius Oliveira,
Areille Bugarin,Arielle Bugarin,
Mohamed Schivao,Mohamed Schiavo,
Alexander Sumenr,Alexander Sumner,
Lashawn Hotitnger,Lashawn Hottinger,
Micki Carmno,Micki Carmon,
Keitha Stasnfield,Keitha Stansfield,
Mle Wantz,Merle Wantz,
Keva Hrlson,Keva Haralson,
Genevi Relefrd,Genevie Releford,
Hwa lnk,Hwa Klenk,
Jacinto Sticle,Jacinto Stickler,
Suz Liscomb,Suzy Lipscomb,
Brye Rayorn,Bryce Rayborn,
Veta Pilo,Veta Pillot,
Vicke Rles,Vickey Roles,
Natlie Schwant,Natalie Schwandt,
Marci Hller,Marci Hellyer,
Harly Dfore,Harley Defore,
Randa Gargan,Randa Garrigan,
Ambrose Gdey,Ambrose Godsey,
Nif Abasta,Ninfa Abasta,
Clemmie Varsdale,Clemmie Vanarsdale,
Oli Mble,Olin Mable,
Bran Horick,Brant Hornick,
Kizzy picer,Kizzy Spicher,
Brande Orbn,Branden Orban,
Catherin Palaio,Catherina Palacio,
Ozll Heler,Ozell Helper,
Ashton Fee,Ashton Feder,
Carol Fig,Carola Figg,
Tom Lier,Tom Lister,
Larissa Hfstetler,Larissa Huffstetler,
Charlyn Nse,Charlyn Neese,
Jeanele Boling,Jeanelle Bohling,
Johnn Materne,Johnna Matherne,
Felisa Newill,Felisha Newbill,
Nyda Hoben,Nydia Holben,
Yeta Steen,Yetta Stemen,
Michlle tyles,Michelle Styles,
Glads Flk,Gladis Fulk,
Tad Lueds,Tad Lueders,
Sidney Maingale,Sidney Massingale,
Gery Mullian,Gerry Mullican,
Una Estline,Una Esterline,
Normand Mecle,Normand Mericle,
Earstine Chang,Earnestine Chang,
Tiara Cuins,Tiara Cummins,
Nguyet Heel,Nguyet Hempel,
Irmgard rney,Irmgard Birney,
Shmeka uf,Shemeka Ruf,
Han Widrk,Han Widrick,
Bat Poto,Bart Porto,
Desirae Blog,Desirae Blough,
Harmny Hasan,Harmony Hassan,
Detria Paull,Demetria Paull,
Susana Abe,Susanna Abee,
Cass aun dra Ciccone,Cassaundra Ciccone,
Lo rie Stj ean,Lorie Stjean,
Jas mi ne Suman,Jasmine Suman,
Danial M idd leton,Danial Middleton,
Po rsha F arrior,Porsha Farrior,
Sh on Kit trell,Shon Kittrell,
L ori Mari naro,Lori Marinaro,
Me ndy Bass in,Mendy Bassin,
Lawere nce Be secker,Lawerence Besecker,
Ade ll Da naher,Adell Danaher,
Lin wood Mcq ueary,Linwood Mcqueary,
M arina Fo utch,Marina Foutch,
Reg ena Hent horn,Regena Henthorn,
Ju l io Damian,Julio Damian,
Fern ande Pe rino,Fernande Perino,
Ber enice Win grove,Berenice Wingrove,
Jose tte Hen ricksen,Josette Henricksen,
Est er Arce neaux,Ester Arceneaux,
Fr ances Tillis on,Frances Tillison,
Gab riella Ahe rn,Gabriella Ahern,
Ad elina Wam pler,Adelina Wampler,
Eli za Car reiro,Eliza Carreiro,
A llie H aff,Allie Haff,
Kell e Sil ber,Kelle Silber,
Kar leen Pac heo,Karleen Pacheo,
Vi kki N ehring,Vikki Nehring,
Ge orgie Bot ta,Georgie Botta,
Chas tity Elli s,Chastity Ellis,
Ga ry Se rfass,Gary Serfass,
Eff ie Co rdray,Effie Cordray,
C hantell Lun dberg,Chantell Lundberg,
Cass ondra El ey,Cassondra Eley,
Elean ore To al,Eleanore Toal,
Mari elle Ta lly,Marielle Tally,
Tish a F aunce,Tisha Faunce,
Dea ndre Ce rezo,Deandre Cerezo,
Cat erina Girou x,Caterina Giroux,
Dee dee Do ple,Deedee Dople,
Este la Tilgh man,Estela Tilghman,
A mmie S malls,Ammie Smalls,
Ja nn D ake,Jann Dake,
Jack ie B radham,Jackie Bradham,
Lib bie Woo ster,Libbie Wooster,
De bbi Sh uman,Debbi Shuman,
Hal ley Rath burn,Halley Rathburn,
Dan n W and,Dann Wand,
M ai Far nan,Mai Farnan,
Z ane Dub uisson,Zane Dubuisson,
Lan ell Lea ry,Lanell Leary,
Ash lee D albey,Ashlee Dalbey,
Demuth Shira,Shira Demuth,
Banta Zelma,Zelma Banta,
Elliston Trula,Trula Elliston,
Pullman Kacie,Kacie Pullman,
Knapik Henriette,Henriette Knapik,
Papineau Afton,Afton Papineau,
Belfiore Karisa,Karisa Belfiore,
Elizalde Rose,Rose Elizalde,
Lyles Mahalia,Mahalia Lyles,
Lautenschlage Myesha,Myesha Lautenschlage,
Jay Kimi,Kimi Jay,
Fike Ronnie,Ronnie Fike,
Barranco Jody,Jody Barranco,
Dearmond Tonita,Tonita Dearmond,
Haller Angel,Angel Haller,
Harsh Rolande,Rolande Harsh,
Hug Granville,Granville Hug,
Wilkinson Bethany,Bethany Wilkinson,
Crotts Kellee,Kellee Crotts,
Berrian Delisa,Delisa Berrian,
Vasko Kyle,Kyle Vasko,
Parmentier Gilberte,Gilberte Parmentier,
Monfort Inga,Inga Monfort,
Luebbert Dave,Dave Luebbert,
Hollander Breanne,Breanne Hollander,
Reichel Marth,Marth Reichel,
Cybart Vallie,Vallie Cybart,
Trembley Maryln,Maryln Trembley,
Utt Elsa,Elsa Utt,
Catron Nidia,Nidia Catron,
Ipock Paris,Paris Ipock,
Elia So,So Elia,
Hartsfield Nicki,Nicki Hartsfield,
Kinsley Britni,Britni Kinsley,
Dorantes Louetta,Louetta Dorantes,
Bellino Candida,Candida Bellino,
Throneberry Selena,Selena Throneberry,
Caulder Maia,Maia Caulder,
Bromley Marin,Marin Bromley,
Bremer Arlette,Arlette Bremer,
Mealy Erin,Erin Mealy,
Roye Naida,Naida Roye,
Mackson Cornelius,Cornelius Mackson,
Mosby Gertrud,Gertrud Mosby,
Lyle Raylene,Raylene Lyle,
Chaney Ginger,Ginger Chaney,
Kellems Arianna,Arianna Kellems,
Nunes Bud,Bud Nunes,
Balis Dot,Dot Balis,
Lesher Dyan,Dyan Lesher,
Deeann Langstaff,Deeann Langstaff,
Marylynn Valade,Marylynn Valade,
Janetta Born,Janetta Born,
Diane Masson,Diane Masson,
Mercedez Holen,Mercedez Holen,
Sade Lagrone,Sade Lagrone,
Emory Heroux,Emory Heroux,
Ilda Layfield,Ilda Layfield,
Celena Firkins,Celena Firkins,
Callie Tisch,Callie Tisch,
Reyna Brazell,Reyna Brazell,
Corrine Poblete,Corrine Poblete,
Monica Larger,Monica Larger,
Season Netherton,Season Netherton,
Travis Work,Travis Work,
Maryanna Dizon,Maryanna Dizon,
Kenton Pizano,Kenton Pizano,
Patria Ecker,Patria Ecker,
Karey Dinwiddie,Karey Dinwiddie,
Darby Kwong,Darby Kwong,
Alix Bechard,Alix Bechard,
Lesia Mosher,Lesia Mosher,
Quintin Hypolite,Quintin Hypolite,
Reanna Harbin,Reanna Harbin,
Vallie Duhaime,Vallie Duhaime,
Lessie Glatz,Lessie Glatz,
Dominic Chess,Dominic Chess,
Elena Goertz,Elena Goertz,
Dennis Byam,Dennis Byam,
Pura Spillane,Pura Spillane,
Brett Decarlo,Brett Decarlo,
Kyong Sorrells,Kyong Sorrells,
Donette Crompton,Donette Crompton,
Bethanie Volpe,Bethanie Volpe,
Florida Camburn,Florida Camburn,
Kimiko Soule,Kimiko Soule,
Raleigh Heywood,Raleigh Heywood,
Rufina Fulghum,Rufina Fulghum,
Shamika Radice,Shamika Radice,
Mei Kipp,Mei Kipp,
Hyacinth Tejeda,Hyacinth Tejeda,
Emilee Gouveia,Emilee Gouveia,
Yvette Griner,Yvette Griner,
Von Tiedeman,Von Tiedeman,
Otilia Gurley,Otilia Gurley,
Joesph Forrest,Joesph Forrest,
Fannie Llanos,Fannie Llanos,
Norine Thurlow,Norine Thurlow,
Tula Yang,Tula Yang,
Fidela Shiver,Fidela Shiver,
Syble Mortensen,Syble Mortensen,
Cinda Shaikh,Cinda Shaikh,
Emilia Boatright,Emilia Boatright,
Arnulfo Spano,Arnulfo Spano,
Penney Dias,Penney Dias,
Arlene Mcgovern,Arlene Mcgovern,
Diego Bloomberg,Diego Bloomberg,
Charmaine Dammann,Charmaine Dammann,
Dortha Herbig,Dortha Herbig,
Wyatt Bowden,Wyatt Bowden,
Suzann Mizzell,Suzann Mizzell,
Linwood Nakasone,Linwood Nakasone,
Ernestine Savoy,Ernestine Savoy,
Lucinda Gluck,Lucinda Gluck,
Betty Yarberry,Betty Yarberry,
Suzan Gilson,Suzan Gilson,
Barrett Soltani,Barrett Soltani,
Sheldon Hopson,Sheldon Hopson,
Lilla Ohman,Lilla Ohman,
Kellye Hollingworth,Kellye Hollingworth,
Jimmie Sanner,Jimmie Sanner,
Yasuko Rippel,Yasuko Rippel,
Kyra Edgerton,Kyra Edgerton,
Sheena Farnham,Sheena Farnham,
Gene Hartung,Gene Hartung,
Emory Clothier,Emory Clothier,
Damaris Shears,Damaris Shears,
Donny Werley,Donny Werley,
Wan Yokoyama,Wan Yokoyama,
Tonita Shead,Tonita Shead,
Laurine Soria,Laurine Soria,
Vertie Jenner,Vertie Jenner,
Tonisha Pharris,Tonisha Pharris,
Ghislaine Slape,Ghislaine Slape,
Shannon Haddon,Shannon Haddon,
Caridad Brochu,Caridad Brochu,
Gricelda Camper,Gricelda Camper,
Devin Straub,Devin Straub,
Zenobia Driver,Zenobia Driver,
Honey Michaelis,Honey Michaelis,
Babara Neilsen,Babara Neilsen,
Velia Salzano,Velia Salzano,
Debbra Wymer,Debbra Wymer,
Catalina Henriksen,Catalina Henriksen,
Kacie Bodkin,Kacie Bodkin,
Arlyne Sheaffer,Arlyne Sheaffer,
Marge Eberhart,Marge Eberhart,
Mittie Bisbee,Mittie Bisbee,
Joey Canada,Joey Canada,
Fredricka Kirch,Fredricka Kirch,
